CustomerID,Gender,Age,City,MembershipType,PreferredCategory,BrandPreference,TotalOrders,TotalSpent,AverageOrderValue,LastPurchaseDaysAgo,PurchaseFrequencyPerMonth,AppLoginFrequency,ProductViews,WishlistCount,CartAdditions,CouponUsageCount,SaleEventParticipation,ReturnCount,ExchangeCount,SizeIssueReturns,CancelCount,RefundRequests,DeliveryDelayCount,SupportTickets,SatisfactionScore,Churn
C1001,Male,18,Pune,Silver,Women,Adidas,9,48765,5418.33,27,5.48,29,284,2,18,13,0,0,1,0,1,4,4,0,3.2,No
C1002,Female,25,Mumbai,Gold,Kids,H&M,49,10963,223.73,179,3.5,9,84,6,10,3,1,6,1,2,2,4,2,0,3.9,No
C1003,Male,30,Chennai,Gold,Kids,Levis,37,13101,354.08,18,0.56,8,153,2,7,3,6,4,7,2,1,2,2,3,3.7,No
C1004,Male,37,Pune,Free,Footwear,Adidas,11,30794,2799.45,98,2.31,30,290,7,10,1,3,0,5,0,2,0,1,5,1.9,Yes
C1005,Female,30,Pune,Silver,Women,Puma,9,16662,1851.33,144,4.4,24,224,18,12,11,3,2,8,1,0,0,6,1,1.6,No
C1006,Male,43,Pune,Silver,Footwear,Zara,25,25509,1020.36,153,7.97,17,133,17,0,3,10,8,4,5,2,0,2,6,1.6,Yes
C1007,Male,41,Pune,Silver,Footwear,Nike,33,7473,226.45,161,2.53,21,264,19,6,4,5,2,8,2,0,4,2,7,1.1,No
C1008,Female,44,Kolkata,Silver,Women,H&M,16,37682,2355.12,21,0.87,16,40,24,17,4,2,10,7,4,1,2,4,6,4.9,No
C1009,Male,40,Hyderabad,Silver,Kids,U.S. Polo,34,30088,884.94,31,2.13,3,178,0,18,7,9,3,0,0,5,5,0,3,1.3,No
C1010,Male,45,Hyderabad,Free,Footwear,Adidas,18,44342,2463.44,125,1.87,5,297,18,15,7,7,6,3,0,0,5,3,5,2.7,No
C1011,Female,45,Pune,Free,Men,H&M,26,48224,1854.77,87,6.44,4,132,6,6,14,2,6,2,2,3,1,6,1,2.8,Yes
C1012,Male,19,Pune,Gold,Men,Zara,49,15991,326.35,43,3.37,16,114,12,1,5,6,0,6,0,3,2,3,8,3.6,No
C1013,Female,22,Bangalore,Silver,Women,H&M,38,48717,1282.03,139,0.68,11,34,1,18,15,8,8,2,0,4,0,6,2,1.3,Yes
C1014,Male,39,Kolkata,Free,Beauty,Zara,37,16635,449.59,149,4.84,20,46,13,18,10,4,3,5,1,2,3,1,4,2.8,No
C1015,Male,18,Mumbai,Gold,Footwear,Zara,5,35734,7146.8,55,4.15,5,183,2,7,11,4,2,7,2,5,2,4,8,1.0,No
C1016,Female,39,Chennai,Free,Kids,Zara,7,49155,7022.14,142,1.41,10,112,22,10,6,10,10,4,4,3,2,6,0,1.4,Yes
C1017,Female,44,Hyderabad,Free,Men,Levis,50,9073,181.46,164,7.84,6,231,17,13,0,1,1,2,0,2,4,4,2,2.7,Yes
C1018,Male,27,Hyderabad,Free,Kids,Adidas,44,16853,383.02,171,1.0,25,291,13,19,4,3,2,2,1,0,1,5,5,4.1,No
C1019,Female,43,Pune,Gold,Women,Puma,11,46458,4223.45,28,3.18,2,245,7,6,14,5,4,3,1,0,5,1,6,2.3,No
C1020,Male,42,Hyderabad,Silver,Footwear,Roadster,44,35641,810.02,85,7.53,4,138,5,18,8,0,1,6,1,5,2,3,8,1.5,No
C1021,Male,26,Chennai,Gold,Beauty,H&M,34,35787,1052.56,176,5.81,24,105,11,13,2,10,5,5,5,0,5,2,8,2.2,No
C1022,Female,28,Mumbai,Gold,Kids,Nike,13,28054,2158.0,171,7.53,22,94,19,18,9,6,8,0,2,2,1,3,5,2.9,No
C1023,Female,39,Bangalore,Gold,Beauty,Nike,43,6057,140.86,73,4.22,21,176,2,7,9,3,3,2,0,0,1,3,1,2.8,No
C1024,Male,40,Pune,Silver,Beauty,Roadster,16,10171,635.69,168,5.56,29,59,24,13,7,2,8,7,0,4,1,6,1,2.8,Yes
C1025,Female,39,Delhi,Gold,Footwear,Levis,49,29504,602.12,157,6.56,29,263,13,17,14,2,7,7,2,1,5,2,8,2.9,No
C1026,Male,26,Mumbai,Free,Kids,Adidas,18,22510,1250.56,82,7.17,3,75,4,7,12,2,3,1,3,3,2,4,7,2.7,Yes
C1027,Male,44,Mumbai,Silver,Footwear,H&M,49,38228,780.16,98,3.92,12,157,24,12,13,8,8,3,3,1,2,3,7,1.1,No
C1028,Female,39,Pune,Silver,Women,U.S. Polo,9,41280,4586.67,137,0.41,13,293,21,0,2,10,6,2,3,1,0,2,6,2.3,Yes
C1029,Female,28,Hyderabad,Silver,Kids,Roadster,17,5867,345.12,121,0.35,18,31,11,7,2,10,0,0,0,1,0,4,2,2.0,Yes
C1030,Female,39,Chennai,Gold,Women,U.S. Polo,45,17293,384.29,95,1.51,20,63,24,5,9,1,9,0,2,4,5,3,6,4.8,No
C1031,Male,20,Delhi,Gold,Women,Zara,45,20264,450.31,176,4.88,4,294,25,1,11,8,6,5,0,4,5,2,0,4.4,No
C1032,Female,21,Mumbai,Silver,Beauty,Nike,28,12043,430.11,134,7.73,9,280,24,15,14,6,9,4,2,1,0,2,7,2.0,No
C1033,Female,36,Delhi,Gold,Beauty,Levis,2,32894,16447.0,84,1.62,7,186,25,8,10,4,9,4,4,0,4,1,1,2.0,No
C1034,Female,33,Delhi,Free,Beauty,U.S. Polo,29,1630,56.21,24,2.5,13,129,9,18,11,7,8,8,2,3,5,4,5,2.4,No
C1035,Female,26,Hyderabad,Silver,Women,Zara,47,13121,279.17,81,1.13,18,99,6,6,15,4,9,8,4,2,0,6,3,2.2,No
C1036,Female,23,Hyderabad,Free,Footwear,Nike,18,3482,193.44,14,4.52,23,69,20,15,3,0,9,4,3,3,3,2,2,4.9,No
C1037,Female,45,Mumbai,Free,Men,Roadster,32,5355,167.34,148,5.11,2,82,4,18,9,1,3,1,3,4,4,6,3,4.1,Yes
C1038,Female,32,Mumbai,Silver,Footwear,Roadster,20,37765,1888.25,159,0.67,24,55,24,6,6,4,10,1,1,1,1,4,1,1.6,Yes
C1039,Female,32,Pune,Gold,Beauty,Puma,3,15670,5223.33,74,5.71,23,237,2,7,8,10,9,3,3,0,4,1,2,4.6,No
C1040,Male,20,Chennai,Free,Kids,Puma,29,8649,298.24,120,5.57,23,211,8,16,15,7,1,0,1,5,2,4,4,1.1,No
C1041,Male,39,Kolkata,Gold,Footwear,H&M,49,44558,909.35,69,4.69,25,94,15,16,14,4,2,6,2,3,0,3,5,2.6,No
C1042,Female,39,Chennai,Free,Kids,Roadster,45,32971,732.69,74,5.37,13,286,1,14,2,5,4,5,0,3,4,6,0,3.6,No
C1043,Female,31,Chennai,Free,Footwear,Levis,40,33169,829.23,161,3.65,2,109,8,17,4,4,7,7,0,0,5,4,3,3.8,Yes
C1044,Female,35,Chennai,Gold,Beauty,Zara,15,7935,529.0,119,7.59,21,83,15,9,8,6,7,7,1,3,4,1,6,1.8,No
C1045,Male,45,Chennai,Silver,Beauty,Levis,33,18009,545.73,1,2.41,10,255,4,14,15,5,5,8,4,3,3,2,3,4.9,No
C1046,Male,36,Mumbai,Free,Beauty,H&M,21,49304,2347.81,122,5.7,26,200,12,20,4,7,0,2,0,0,3,0,8,4.6,No
C1047,Male,41,Bangalore,Silver,Women,Zara,31,17868,576.39,87,5.06,13,46,10,17,12,5,10,7,4,0,4,0,3,3.5,No
C1048,Female,25,Pune,Free,Beauty,Zara,49,42033,857.82,26,3.66,23,158,0,1,10,0,4,5,2,3,1,1,8,2.6,No
C1049,Male,23,Bangalore,Free,Footwear,Roadster,40,45269,1131.72,62,4.08,19,78,7,14,8,7,4,0,3,2,5,4,2,1.3,No
C1050,Female,36,Hyderabad,Gold,Beauty,Puma,30,20299,676.63,51,8.0,28,252,3,7,12,9,5,4,5,2,0,6,6,2.1,No
C1051,Male,37,Pune,Silver,Kids,Adidas,39,23589,604.85,57,5.17,20,133,21,4,3,10,10,0,2,3,0,4,5,3.9,No
C1052,Male,27,Hyderabad,Gold,Beauty,Nike,13,9161,704.69,139,7.04,12,276,16,8,5,4,7,4,5,2,0,3,1,1.6,No
C1053,Male,45,Pune,Gold,Beauty,Levis,6,26358,4393.0,4,2.26,4,237,11,8,12,10,5,1,5,1,3,0,8,2.3,No
C1054,Male,38,Chennai,Gold,Beauty,Puma,42,27258,649.0,30,1.29,2,160,15,3,3,3,8,2,3,3,2,5,8,2.7,Yes
C1055,Male,31,Pune,Free,Beauty,Roadster,18,2644,146.89,177,3.09,15,232,7,11,3,10,5,8,5,2,0,3,4,1.8,Yes
C1056,Male,45,Kolkata,Silver,Men,Adidas,42,42409,1009.74,153,7.77,2,175,7,4,6,1,8,3,4,1,1,2,2,4.2,Yes
C1057,Male,26,Kolkata,Free,Women,Puma,12,7704,642.0,170,6.96,5,12,11,7,10,0,2,4,0,1,5,3,8,1.5,Yes
C1058,Male,33,Mumbai,Silver,Footwear,Zara,29,33519,1155.83,57,7.57,2,271,9,14,0,0,7,6,3,5,0,3,7,1.3,Yes
C1059,Male,28,Delhi,Free,Men,Nike,18,41415,2300.83,163,4.77,23,171,12,19,9,7,8,6,0,5,0,6,8,3.9,No
C1060,Male,31,Mumbai,Free,Beauty,Levis,30,26631,887.7,107,5.89,11,223,10,8,11,2,10,7,0,0,0,0,6,1.4,Yes
C1061,Female,43,Bangalore,Gold,Men,Levis,43,8510,197.91,106,2.96,22,221,23,1,9,9,4,5,0,4,4,1,2,3.6,No
C1062,Male,45,Chennai,Silver,Footwear,Levis,8,18756,2344.5,147,1.96,14,292,24,19,0,9,10,4,0,1,2,5,4,4.7,No
C1063,Female,18,Bangalore,Free,Footwear,Roadster,5,9797,1959.4,163,7.78,3,276,6,12,13,7,5,2,2,2,5,2,1,4.5,No
C1064,Male,23,Kolkata,Gold,Men,Zara,18,29539,1641.06,170,3.51,20,231,13,8,6,8,1,5,1,0,2,5,7,3.1,No
C1065,Female,19,Bangalore,Silver,Footwear,H&M,1,13897,13897.0,78,7.57,25,75,24,8,9,5,1,0,1,5,3,1,2,2.5,No
C1066,Male,34,Delhi,Gold,Kids,Zara,26,49130,1889.62,11,3.6,15,44,10,18,13,9,6,6,2,0,3,0,5,1.7,No
C1067,Female,44,Pune,Silver,Men,Roadster,7,16445,2349.29,112,4.79,17,45,12,9,10,3,5,2,0,4,5,0,8,3.0,No
C1068,Female,29,Pune,Gold,Women,Adidas,7,10097,1442.43,66,1.74,20,83,24,20,2,2,10,7,3,4,4,3,5,4.5,No
C1069,Female,22,Mumbai,Free,Beauty,U.S. Polo,41,20345,496.22,71,4.81,12,264,2,9,14,7,0,0,0,2,0,5,1,3.5,No
C1070,Female,32,Delhi,Gold,Men,U.S. Polo,37,43218,1168.05,49,2.71,16,261,4,1,14,1,5,1,4,5,1,0,3,3.8,No
C1071,Female,34,Delhi,Gold,Women,Levis,24,19039,793.29,100,3.39,11,31,25,20,10,1,5,1,4,5,3,2,4,3.9,No
C1072,Male,28,Chennai,Gold,Women,Levis,20,43495,2174.75,179,5.36,5,48,9,17,12,10,5,2,5,5,5,5,8,1.4,Yes
C1073,Female,34,Hyderabad,Free,Kids,Puma,12,14537,1211.42,88,7.59,16,103,7,4,4,1,4,1,4,4,5,4,0,3.6,Yes
C1074,Male,37,Mumbai,Free,Women,Nike,45,41442,920.93,43,5.83,2,215,11,7,14,9,4,7,1,4,1,2,7,4.6,No
C1075,Male,29,Pune,Gold,Beauty,U.S. Polo,50,18966,379.32,98,4.12,14,87,6,19,4,4,0,7,0,4,0,5,8,4.4,No
C1076,Female,20,Kolkata,Free,Kids,U.S. Polo,33,10156,307.76,112,0.92,30,118,14,11,0,6,0,6,0,1,3,0,5,1.9,Yes
C1077,Female,21,Kolkata,Gold,Kids,Nike,9,3010,334.44,74,7.36,16,76,24,15,14,9,0,1,0,2,1,6,2,3.2,No
C1078,Female,21,Kolkata,Silver,Women,Puma,8,3629,453.62,62,3.47,26,239,2,3,15,9,8,0,5,4,4,1,2,2.2,No
C1079,Male,37,Hyderabad,Free,Footwear,Roadster,12,44040,3670.0,172,0.87,12,39,16,17,0,6,7,0,5,3,2,2,0,2.4,Yes
C1080,Male,29,Bangalore,Gold,Men,Levis,9,3405,378.33,91,4.46,27,94,24,14,15,10,2,2,0,5,3,0,4,1.8,No
C1081,Male,19,Hyderabad,Silver,Footwear,Roadster,35,31524,900.69,65,0.49,21,102,9,11,1,10,5,4,0,2,3,3,7,4.6,No
C1082,Female,28,Bangalore,Silver,Beauty,Levis,34,17979,528.79,22,5.87,3,225,19,5,9,5,1,1,1,5,2,2,7,3.4,No
C1083,Female,23,Pune,Silver,Kids,U.S. Polo,3,48132,16044.0,91,5.0,14,145,20,1,2,10,10,6,2,4,5,5,2,4.8,No
C1084,Male,45,Delhi,Gold,Beauty,H&M,9,4906,545.11,61,6.27,12,190,12,18,1,9,2,7,1,2,3,6,1,3.3,No
C1085,Female,30,Hyderabad,Gold,Kids,Adidas,8,2198,274.75,48,4.09,13,292,3,8,8,7,3,4,3,1,0,1,1,2.8,No
C1086,Female,20,Kolkata,Gold,Kids,Levis,46,4755,103.37,141,4.43,29,158,5,20,5,5,8,3,0,1,1,1,7,1.1,No
C1087,Female,32,Kolkata,Gold,Women,Zara,5,20769,4153.8,102,8.0,24,250,16,13,13,9,1,2,1,5,0,3,7,3.7,No
C1088,Female,22,Kolkata,Gold,Footwear,Nike,50,8956,179.12,111,4.12,28,33,3,16,4,4,2,2,1,5,1,2,8,4.6,No
C1089,Male,26,Bangalore,Gold,Footwear,Puma,9,41461,4606.78,78,4.99,3,262,20,5,4,2,10,5,4,0,0,0,0,4.8,No
C1090,Female,38,Bangalore,Gold,Beauty,H&M,32,41601,1300.03,140,2.46,10,252,7,12,9,7,1,0,0,3,3,3,7,1.8,No
C1091,Male,28,Kolkata,Gold,Kids,Levis,26,9069,348.81,95,4.22,4,168,7,14,3,4,7,3,1,0,0,2,6,4.5,No
C1092,Female,25,Kolkata,Free,Kids,Levis,13,10942,841.69,128,7.97,15,260,9,15,0,1,6,8,3,1,1,4,5,1.2,Yes
C1093,Female,33,Delhi,Gold,Beauty,Puma,35,1035,29.57,28,3.56,29,140,23,11,12,5,0,6,0,4,4,1,5,3.2,No
C1094,Male,30,Delhi,Silver,Footwear,Puma,40,45090,1127.25,157,1.13,4,206,11,10,11,2,3,8,3,4,0,0,0,1.5,Yes
C1095,Female,43,Mumbai,Gold,Beauty,Nike,39,34284,879.08,36,2.76,20,168,5,12,9,9,5,8,4,4,3,5,4,2.9,No
C1096,Male,29,Hyderabad,Gold,Men,Roadster,38,20663,543.76,177,5.11,20,247,8,20,7,0,9,7,1,4,5,5,6,1.6,Yes
C1097,Male,19,Delhi,Gold,Men,Adidas,2,29403,14701.5,81,3.47,14,109,13,16,15,0,2,8,0,4,2,5,7,3.1,No
C1098,Female,23,Mumbai,Gold,Kids,Levis,44,47746,1085.14,175,5.22,23,140,19,15,6,3,4,8,2,1,2,6,4,3.8,No
C1099,Female,28,Mumbai,Silver,Footwear,Puma,19,8487,446.68,147,5.48,13,207,11,4,9,0,4,1,2,3,5,2,7,1.9,Yes
C1100,Female,35,Pune,Silver,Women,Zara,40,49055,1226.38,151,2.07,2,276,7,20,7,0,1,6,1,5,3,0,2,1.0,Yes
C1101,Male,31,Pune,Silver,Beauty,Adidas,49,19324,394.37,83,2.43,2,50,20,18,7,8,0,2,0,1,0,6,6,4.2,No
C1102,Male,41,Kolkata,Silver,Men,H&M,20,37721,1886.05,155,1.04,11,150,14,20,15,2,8,7,2,1,0,2,2,3.9,No
C1103,Female,40,Bangalore,Free,Kids,Puma,37,44697,1208.03,50,1.57,28,212,13,16,10,1,6,1,1,1,3,2,3,1.0,No
C1104,Female,25,Mumbai,Silver,Kids,Puma,38,47874,1259.84,147,0.29,21,189,22,7,1,10,1,7,1,1,3,5,8,4.7,No
C1105,Female,40,Chennai,Gold,Kids,Levis,40,14973,374.32,57,7.67,16,83,14,19,11,6,8,7,4,5,1,6,3,3.7,No
C1106,Male,34,Mumbai,Gold,Kids,Zara,37,7853,212.24,16,6.66,29,263,6,18,4,2,5,8,3,0,5,1,7,1.4,No
C1107,Female,43,Chennai,Silver,Women,Roadster,30,37456,1248.53,15,4.56,22,162,23,0,12,4,0,3,0,0,3,2,1,3.2,No
C1108,Male,20,Mumbai,Free,Kids,Roadster,12,9375,781.25,165,7.83,21,220,11,12,14,6,6,1,5,5,4,1,5,1.5,Yes
C1109,Female,34,Bangalore,Gold,Women,H&M,49,1989,40.59,77,3.81,24,283,13,17,12,3,3,7,2,1,2,1,1,1.1,No
C1110,Female,37,Kolkata,Free,Women,Adidas,5,7112,1422.4,153,0.46,20,29,7,1,12,7,3,8,1,0,1,4,4,1.9,Yes
C1111,Female,36,Delhi,Gold,Kids,Adidas,20,9888,494.4,170,4.27,14,158,8,1,5,10,10,6,4,3,0,2,6,4.1,No
C1112,Female,40,Mumbai,Silver,Women,Puma,25,12550,502.0,138,3.89,28,120,9,4,14,0,8,6,3,4,4,1,6,2.0,Yes
C1113,Male,28,Pune,Free,Beauty,Levis,6,35603,5933.83,49,0.6,13,25,2,6,6,7,3,5,2,0,1,1,1,4.0,No
C1114,Female,25,Pune,Gold,Women,Roadster,16,36681,2292.56,83,6.25,13,243,17,20,11,4,4,5,4,3,3,0,7,4.0,No
C1115,Female,24,Hyderabad,Silver,Beauty,H&M,37,15001,405.43,38,0.33,18,218,9,4,6,5,3,6,1,3,4,5,5,2.0,No
C1116,Female,41,Pune,Gold,Beauty,U.S. Polo,11,48522,4411.09,91,1.52,24,284,15,5,1,8,0,1,0,0,3,1,3,1.3,No
C1117,Male,18,Bangalore,Gold,Beauty,Levis,4,40990,10247.5,164,5.4,20,252,21,15,0,0,8,8,3,0,0,4,4,3.1,No
C1118,Female,18,Delhi,Gold,Beauty,Nike,7,6812,973.14,135,1.36,7,274,8,11,8,6,1,5,1,3,4,1,3,2.2,No
C1119,Male,38,Kolkata,Gold,Men,Zara,26,25355,975.19,97,4.51,2,9,22,5,2,7,6,5,4,0,4,0,3,1.8,Yes
C1120,Female,26,Chennai,Free,Kids,H&M,12,21110,1759.17,5,7.7,19,78,24,12,2,4,2,3,2,3,5,4,5,2.5,No
C1121,Male,43,Pune,Gold,Men,Levis,4,6901,1725.25,112,2.01,3,179,19,19,12,5,0,4,0,3,1,2,8,4.8,No
C1122,Female,23,Pune,Gold,Beauty,Zara,50,41041,820.82,76,6.42,23,42,2,8,4,6,10,2,5,3,2,2,1,1.4,No
C1123,Female,32,Hyderabad,Silver,Men,Nike,6,12780,2130.0,111,3.7,18,267,13,3,0,1,5,8,0,4,4,6,5,4.5,No
C1124,Male,27,Mumbai,Silver,Men,Adidas,37,34651,936.51,44,5.55,6,76,8,9,8,7,2,1,0,3,2,3,4,2.9,No
C1125,Male,29,Hyderabad,Free,Beauty,Adidas,30,7510,250.33,35,2.58,13,175,19,12,10,7,5,6,5,4,1,2,5,3.4,No
C1126,Male,33,Hyderabad,Free,Beauty,Levis,19,48660,2561.05,178,5.14,19,129,10,12,8,6,5,1,4,1,4,4,2,3.7,No
C1127,Male,41,Mumbai,Gold,Women,U.S. Polo,19,45905,2416.05,18,6.59,26,214,21,15,4,10,4,3,2,5,1,5,6,4.2,No
C1128,Male,32,Delhi,Silver,Footwear,Roadster,35,33701,962.89,178,3.46,2,189,22,17,2,1,3,5,1,5,4,0,6,4.9,Yes
C1129,Female,43,Mumbai,Free,Men,Zara,17,15049,885.24,131,6.03,18,299,7,14,11,6,7,8,1,2,0,3,1,2.2,No
C1130,Male,21,Kolkata,Gold,Women,Levis,20,22983,1149.15,117,6.32,17,252,11,15,3,7,7,5,0,2,0,6,1,1.1,No
C1131,Female,38,Chennai,Gold,Women,Adidas,34,11932,350.94,142,1.45,18,223,14,7,12,10,2,2,2,5,3,3,0,3.9,No
C1132,Male,32,Delhi,Silver,Beauty,H&M,46,14576,316.87,53,2.37,23,37,18,3,5,5,5,3,3,0,2,5,7,3.1,No
C1133,Female,37,Mumbai,Gold,Beauty,Zara,23,23567,1024.65,118,5.02,27,157,19,18,2,10,2,5,0,1,2,0,2,2.5,No
C1134,Male,34,Mumbai,Silver,Footwear,Nike,37,25646,693.14,109,1.65,21,280,22,20,5,8,2,7,1,1,1,2,7,3.5,No
C1135,Female,18,Mumbai,Free,Women,Roadster,36,33624,934.0,168,4.06,22,256,13,14,15,2,1,0,0,2,0,2,3,3.2,No
C1136,Male,42,Mumbai,Gold,Beauty,Zara,37,7984,215.78,69,6.25,27,192,17,1,14,8,3,6,0,5,5,6,3,2.2,No
C1137,Male,32,Hyderabad,Silver,Men,U.S. Polo,8,16028,2003.5,54,6.52,19,184,22,19,13,2,9,2,1,1,0,4,5,3.1,No
C1138,Male,28,Pune,Silver,Kids,Puma,33,45018,1364.18,25,1.26,25,215,1,8,4,2,3,2,2,1,5,3,7,1.6,No
C1139,Female,38,Mumbai,Silver,Beauty,Zara,41,6601,161.0,104,4.22,9,193,14,15,10,9,0,1,0,5,5,5,5,4.4,No
C1140,Female,24,Mumbai,Free,Beauty,Puma,21,19085,908.81,87,4.47,5,294,15,10,1,0,1,7,0,0,1,3,7,1.0,No
C1141,Female,24,Pune,Free,Kids,Nike,18,6617,367.61,168,3.01,3,195,21,20,5,0,6,4,5,5,1,3,1,3.8,Yes
C1142,Male,24,Mumbai,Free,Women,Adidas,34,45063,1325.38,114,0.27,23,180,3,13,4,7,1,3,1,0,5,6,1,1.4,Yes
C1143,Female,27,Bangalore,Silver,Women,Nike,5,35267,7053.4,145,0.27,21,89,14,11,6,10,2,6,2,5,3,6,3,1.3,Yes
C1144,Male,22,Kolkata,Free,Footwear,Roadster,23,28640,1245.22,81,6.37,8,146,20,2,7,8,9,4,5,0,5,2,3,3.1,No
C1145,Male,41,Mumbai,Silver,Men,Adidas,32,25789,805.91,29,2.08,21,41,16,0,11,5,2,6,2,3,2,4,2,4.1,No
C1146,Male,18,Delhi,Free,Men,Puma,14,3110,222.14,16,7.6,13,264,9,20,13,6,6,1,5,4,4,4,2,2.1,No
C1147,Female,20,Delhi,Free,Women,Levis,26,38932,1497.38,163,6.15,21,38,9,13,7,0,3,1,3,0,3,4,0,2.2,Yes
C1148,Male,21,Chennai,Gold,Women,H&M,11,33032,3002.91,89,4.28,26,137,5,11,4,4,1,0,1,3,2,4,1,2.1,No
C1149,Male,33,Mumbai,Gold,Kids,H&M,32,37651,1176.59,43,3.07,9,57,18,3,7,8,0,0,0,1,0,3,5,2.5,No
C1150,Male,23,Kolkata,Free,Footwear,Roadster,15,21589,1439.27,64,3.45,24,168,8,2,11,1,8,0,1,1,4,0,6,1.3,No
C1151,Female,45,Hyderabad,Silver,Kids,Zara,36,30433,845.36,3,3.08,10,293,25,9,7,7,5,7,1,5,4,6,3,1.6,No
C1152,Female,18,Bangalore,Gold,Kids,H&M,22,595,27.05,169,3.13,24,162,3,6,7,6,7,0,1,5,2,0,0,4.7,No
C1153,Female,40,Hyderabad,Silver,Men,Zara,33,9249,280.27,164,6.6,3,295,1,13,4,3,4,4,2,3,5,6,5,2.3,Yes
C1154,Female,25,Chennai,Free,Women,Zara,10,7424,742.4,43,3.71,11,213,3,17,11,3,7,4,3,2,0,0,2,4.2,No
C1155,Female,44,Pune,Gold,Footwear,H&M,14,21982,1570.14,38,0.91,8,187,12,16,1,10,4,4,1,0,3,6,7,3.2,No
C1156,Male,21,Mumbai,Free,Women,Zara,1,4541,4541.0,57,1.22,27,210,11,20,2,9,9,4,0,0,0,1,7,4.2,No
C1157,Male,45,Kolkata,Silver,Men,H&M,30,3818,127.27,44,7.41,14,207,15,0,12,10,6,2,2,1,1,2,4,2.8,No
C1158,Male,19,Delhi,Gold,Footwear,Adidas,42,19840,472.38,128,3.41,18,250,1,2,8,6,2,6,0,5,4,1,8,4.2,No
C1159,Female,43,Pune,Silver,Beauty,U.S. Polo,23,37570,1633.48,129,2.71,9,97,0,10,7,0,4,0,3,4,2,6,3,4.9,No
C1160,Male,25,Pune,Free,Kids,H&M,49,14879,303.65,148,6.8,26,203,11,5,5,3,9,5,5,5,2,4,0,3.8,Yes
C1161,Female,36,Delhi,Free,Footwear,Adidas,32,36028,1125.88,80,1.57,2,51,1,7,7,0,8,7,0,2,4,1,2,2.4,Yes
C1162,Male,43,Kolkata,Silver,Men,H&M,10,38944,3894.4,37,6.24,28,274,11,2,11,10,6,1,2,2,2,1,2,3.9,No
C1163,Female,43,Pune,Silver,Kids,Nike,46,37329,811.5,178,7.14,20,187,7,18,5,6,4,4,1,1,5,0,6,4.4,No
C1164,Male,23,Delhi,Silver,Footwear,Adidas,41,37563,916.17,27,7.51,5,174,23,2,7,5,5,2,5,0,5,5,5,2.8,No
C1165,Female,24,Bangalore,Gold,Men,Levis,17,7580,445.88,1,0.58,15,219,5,13,15,6,5,8,3,0,3,6,3,1.7,No
C1166,Male,43,Kolkata,Free,Kids,H&M,21,17613,838.71,27,0.78,6,197,5,2,2,5,9,7,5,0,3,5,2,3.4,Yes
C1167,Female,23,Chennai,Free,Kids,Adidas,13,27322,2101.69,179,4.52,30,281,8,9,9,3,1,0,1,4,4,6,7,1.6,Yes
C1168,Female,18,Mumbai,Free,Kids,U.S. Polo,13,6856,527.38,7,1.81,21,154,2,15,3,4,6,7,3,5,2,0,8,2.6,No
C1169,Female,30,Hyderabad,Free,Beauty,H&M,17,29318,1724.59,120,2.25,27,142,18,1,4,10,1,1,1,4,3,6,3,3.2,No
C1170,Female,44,Delhi,Silver,Footwear,U.S. Polo,37,15943,430.89,122,2.53,13,22,16,18,4,1,7,2,1,1,1,1,0,2.7,Yes
C1171,Female,24,Kolkata,Gold,Women,Puma,21,48151,2292.9,18,0.88,18,208,17,10,8,8,7,0,5,4,4,4,6,1.5,No
C1172,Male,22,Delhi,Gold,Footwear,Zara,7,37376,5339.43,26,6.33,28,279,11,13,8,6,10,7,4,4,3,0,2,2.1,No
C1173,Male,37,Delhi,Gold,Beauty,H&M,26,22224,854.77,177,2.05,24,248,8,11,0,5,4,4,2,3,5,5,1,4.9,No
C1174,Male,22,Hyderabad,Gold,Beauty,Levis,18,48262,2681.22,107,4.92,3,101,14,6,13,7,8,5,0,4,1,0,4,3.8,No
C1175,Female,22,Kolkata,Gold,Footwear,H&M,12,13132,1094.33,52,6.73,8,21,14,1,11,3,4,5,3,4,3,5,1,3.7,No
C1176,Male,29,Mumbai,Gold,Beauty,Nike,31,38961,1256.81,142,2.93,6,137,23,2,9,0,6,0,1,4,1,6,3,3.6,No
C1177,Male,26,Pune,Silver,Footwear,H&M,50,45208,904.16,3,3.9,5,93,19,0,7,4,9,4,5,5,5,2,6,4.6,No
C1178,Female,32,Hyderabad,Free,Beauty,Puma,44,34620,786.82,160,3.3,4,8,16,11,9,4,10,1,3,0,2,2,5,4.4,Yes
C1179,Female,38,Pune,Gold,Kids,Adidas,10,34401,3440.1,62,7.22,26,211,21,10,4,0,10,7,2,2,3,3,6,3.9,No
C1180,Male,28,Pune,Gold,Women,U.S. Polo,43,23994,558.0,130,2.54,6,290,5,9,3,7,2,4,2,4,1,5,5,3.6,No
C1181,Male,29,Bangalore,Gold,Kids,Roadster,22,24858,1129.91,67,4.77,15,65,15,1,2,7,3,8,0,5,3,4,4,2.7,No
C1182,Male,22,Bangalore,Silver,Beauty,U.S. Polo,10,21234,2123.4,47,6.28,16,175,20,5,10,10,0,0,0,2,1,6,2,3.3,No
C1183,Male,33,Kolkata,Free,Women,Roadster,41,28641,698.56,104,3.55,16,201,0,1,6,5,0,5,0,0,5,0,3,1.9,Yes
C1184,Female,27,Bangalore,Free,Beauty,Puma,11,4778,434.36,12,2.53,10,238,23,16,10,6,10,2,2,3,2,6,3,1.7,No
C1185,Female,18,Bangalore,Free,Women,Adidas,47,1936,41.19,151,4.14,4,192,22,20,1,6,10,4,4,4,0,4,0,3.6,Yes
C1186,Male,19,Pune,Free,Beauty,U.S. Polo,25,8599,343.96,141,2.17,23,83,6,20,0,4,6,1,5,4,2,4,2,2.7,Yes
C1187,Male,34,Pune,Gold,Men,Puma,8,7464,933.0,128,1.75,7,139,16,6,11,6,4,2,0,4,3,1,7,2.3,No
C1188,Male,18,Pune,Free,Men,U.S. Polo,10,6403,640.3,131,0.79,24,56,8,20,7,7,4,4,3,0,0,6,2,4.5,Yes
C1189,Female,29,Kolkata,Gold,Kids,Roadster,48,8095,168.65,25,6.84,29,28,0,4,5,5,5,7,4,2,5,0,5,4.3,No
C1190,Male,21,Mumbai,Silver,Beauty,Puma,25,45713,1828.52,123,6.44,21,90,3,4,1,2,1,6,1,4,5,3,2,3.4,Yes
C1191,Female,37,Chennai,Gold,Women,U.S. Polo,32,7901,246.91,106,3.64,3,138,20,10,0,10,8,3,5,2,4,4,1,2.7,Yes
C1192,Male,33,Hyderabad,Gold,Beauty,Nike,36,40667,1129.64,14,0.29,30,85,16,15,15,2,1,7,1,1,2,2,0,3.0,No
C1193,Female,30,Kolkata,Free,Men,U.S. Polo,29,38054,1312.21,115,0.89,16,233,10,3,15,10,0,1,0,3,0,4,8,1.0,Yes
C1194,Male,43,Delhi,Gold,Kids,Adidas,42,44505,1059.64,117,7.61,12,32,7,14,10,8,9,7,5,5,2,5,7,1.5,Yes
C1195,Male,18,Hyderabad,Silver,Kids,Levis,45,7467,165.93,12,7.2,16,76,22,13,3,4,9,3,1,0,3,1,7,4.3,No
C1196,Male,40,Hyderabad,Free,Beauty,H&M,41,44549,1086.56,151,1.16,29,235,14,18,4,7,0,8,0,4,3,6,7,4.7,No
C1197,Male,40,Delhi,Free,Women,Zara,25,43591,1743.64,154,4.93,11,263,12,13,7,4,6,5,2,3,1,1,6,3.4,No
C1198,Female,44,Pune,Gold,Kids,Adidas,13,14243,1095.62,160,5.77,22,181,21,4,5,8,8,5,5,0,2,4,7,3.3,No
C1199,Female,39,Pune,Gold,Kids,Roadster,1,34757,34757.0,28,0.4,5,32,21,1,6,4,2,4,2,2,1,6,0,3.8,No
C1200,Female,24,Kolkata,Gold,Men,Levis,29,7216,248.83,158,6.97,24,292,7,20,12,3,8,4,5,5,0,3,6,2.7,Yes
C1201,Female,35,Chennai,Free,Kids,Adidas,40,29536,738.4,58,7.31,23,193,24,18,6,3,4,7,1,5,0,1,2,3.9,No
C1202,Male,30,Chennai,Silver,Kids,Puma,9,11046,1227.33,150,6.8,1,174,14,4,1,2,5,0,5,4,5,2,7,4.2,Yes
C1203,Female,20,Kolkata,Gold,Kids,Adidas,12,34618,2884.83,18,6.33,6,217,17,17,12,1,5,3,1,5,2,2,5,2.2,No
C1204,Female,35,Kolkata,Gold,Men,Zara,43,23175,538.95,115,2.07,21,129,1,10,12,1,6,4,4,5,2,0,8,4.3,No
C1205,Female,34,Kolkata,Gold,Beauty,U.S. Polo,3,19927,6642.33,167,1.7,17,47,3,5,0,10,1,3,0,5,3,6,1,1.8,Yes
C1206,Female,38,Kolkata,Free,Women,H&M,30,47480,1582.67,85,0.5,3,32,5,8,2,9,3,4,3,3,3,5,6,2.7,Yes
C1207,Male,30,Pune,Free,Footwear,H&M,42,47704,1135.81,159,0.69,24,28,22,2,11,8,1,4,1,4,0,2,7,2.5,Yes
C1208,Male,33,Bangalore,Gold,Women,Nike,48,26124,544.25,140,2.5,21,78,9,20,11,0,8,8,1,0,0,0,6,3.1,No
C1209,Male,27,Bangalore,Gold,Kids,Adidas,27,42831,1586.33,132,1.31,6,118,19,8,6,1,2,0,2,3,5,4,1,2.2,Yes
C1210,Male,26,Chennai,Free,Footwear,U.S. Polo,22,23905,1086.59,33,5.44,8,56,9,19,2,3,5,7,3,2,4,5,4,3.8,No
C1211,Male,36,Delhi,Silver,Kids,Roadster,11,816,74.18,81,2.12,8,228,8,11,4,10,5,7,3,3,2,6,4,2.9,No
C1212,Male,23,Pune,Gold,Men,Puma,9,35798,3977.56,51,2.25,29,44,23,2,0,8,10,0,4,4,3,6,3,4.6,No
C1213,Female,35,Delhi,Silver,Women,Levis,26,15134,582.08,151,5.92,10,73,14,16,2,6,5,8,0,5,1,6,2,4.0,No
C1214,Male,32,Bangalore,Free,Footwear,Nike,48,48472,1009.83,124,7.53,2,117,24,15,7,1,4,5,1,0,5,1,8,4.6,Yes
C1215,Female,30,Mumbai,Silver,Men,H&M,42,21738,517.57,27,5.69,17,145,23,8,5,6,10,6,2,4,5,6,1,3.1,No
C1216,Female,25,Delhi,Silver,Kids,Levis,32,32095,1002.97,155,0.25,29,76,14,5,7,1,8,4,1,1,1,1,5,3.4,Yes
C1217,Male,39,Bangalore,Silver,Kids,Zara,31,44751,1443.58,123,3.94,19,87,20,13,0,3,0,2,0,1,5,4,0,4.6,No
C1218,Male,19,Bangalore,Silver,Women,Roadster,39,37436,959.9,164,0.35,24,150,2,6,14,9,7,7,1,1,3,4,2,4.2,Yes
C1219,Male,37,Pune,Gold,Kids,Nike,47,45430,966.6,88,7.39,20,40,7,12,12,2,1,0,0,4,4,5,6,4.3,No
C1220,Male,23,Mumbai,Gold,Footwear,H&M,35,33486,956.74,31,0.93,22,71,19,17,0,10,10,6,4,3,2,6,0,3.8,No
C1221,Female,25,Kolkata,Silver,Beauty,Levis,38,49087,1291.76,179,4.69,14,73,8,15,7,1,4,8,3,2,1,0,0,3.3,No
C1222,Male,34,Chennai,Silver,Women,Levis,27,24241,897.81,28,1.41,21,134,8,17,13,9,5,4,5,3,1,3,8,4.1,No
C1223,Female,23,Hyderabad,Gold,Footwear,U.S. Polo,17,20596,1211.53,148,2.89,23,208,23,4,3,3,7,2,0,1,4,3,5,4.2,No
C1224,Male,23,Mumbai,Gold,Men,Zara,10,31411,3141.1,154,3.6,3,139,7,11,2,9,0,6,0,4,5,4,4,3.8,No
C1225,Male,42,Kolkata,Free,Beauty,U.S. Polo,1,13719,13719.0,169,7.46,17,151,6,1,7,9,2,0,1,1,5,0,2,1.3,Yes
C1226,Female,42,Mumbai,Silver,Beauty,Roadster,38,13627,358.61,133,0.32,23,40,2,17,9,8,9,5,2,2,1,4,3,2.8,Yes
C1227,Female,36,Chennai,Silver,Women,Roadster,33,7477,226.58,144,0.76,10,179,3,16,8,8,9,4,5,3,3,4,7,4.1,Yes
C1228,Female,42,Mumbai,Gold,Beauty,H&M,31,8119,261.9,67,0.73,21,117,21,7,10,6,5,8,4,0,5,6,4,2.0,No
C1229,Male,30,Pune,Gold,Kids,Zara,36,12197,338.81,122,2.65,7,298,8,5,6,7,3,3,1,2,1,1,3,4.3,No
C1230,Female,22,Kolkata,Free,Men,Zara,44,43978,999.5,127,4.99,25,282,1,15,11,9,5,7,4,2,3,1,8,2.1,Yes
C1231,Male,42,Delhi,Free,Men,Roadster,31,35939,1159.32,9,4.12,13,94,14,3,14,5,0,0,0,3,4,0,5,2.4,No
C1232,Female,23,Delhi,Silver,Women,Puma,31,40679,1312.23,88,3.05,16,222,6,13,11,5,6,4,3,1,4,1,3,4.3,No
C1233,Female,43,Bangalore,Gold,Beauty,Roadster,13,10058,773.69,39,3.89,1,95,13,15,4,10,8,8,5,2,3,2,4,3.2,No
C1234,Male,30,Chennai,Gold,Women,H&M,14,17165,1226.07,122,6.74,4,235,23,10,8,5,5,8,4,2,2,0,6,1.5,No
C1235,Male,36,Delhi,Gold,Footwear,Nike,50,19152,383.04,91,2.74,17,254,24,14,2,6,9,4,3,5,1,6,2,3.6,No
C1236,Female,31,Pune,Gold,Footwear,Roadster,5,5684,1136.8,42,2.88,11,167,20,9,8,9,10,6,2,3,2,5,8,4.9,No
C1237,Female,23,Bangalore,Free,Women,Adidas,43,16991,395.14,180,6.05,7,90,12,3,3,1,7,8,0,0,3,4,1,1.4,Yes
C1238,Male,20,Pune,Silver,Kids,Adidas,16,48838,3052.38,73,3.66,5,72,16,5,0,0,10,5,2,3,3,6,8,4.7,No
C1239,Female,22,Pune,Gold,Women,U.S. Polo,41,49580,1209.27,163,7.04,14,273,20,20,9,5,7,8,1,0,3,2,5,2.6,No
C1240,Male,27,Chennai,Free,Footwear,Nike,23,19293,838.83,121,4.37,23,256,24,15,9,0,6,4,4,1,0,4,5,1.8,Yes
C1241,Female,30,Bangalore,Free,Beauty,Roadster,15,17734,1182.27,21,3.49,8,269,24,19,8,4,10,8,2,3,1,6,1,1.7,No
C1242,Female,21,Pune,Silver,Footwear,U.S. Polo,18,46406,2578.11,160,4.04,11,14,4,1,0,2,1,4,1,1,5,3,0,1.9,Yes
C1243,Male,18,Mumbai,Free,Kids,Roadster,20,33162,1658.1,96,3.82,26,21,10,2,4,0,4,6,0,4,3,1,3,4.6,Yes
C1244,Female,44,Mumbai,Free,Men,Adidas,25,29529,1181.16,64,5.95,2,106,14,3,6,7,6,4,2,1,5,5,0,4.0,No
C1245,Male,26,Mumbai,Gold,Kids,Adidas,24,3913,163.04,171,1.9,4,125,20,13,10,0,2,4,2,0,3,6,3,1.0,No
C1246,Male,36,Kolkata,Gold,Beauty,Nike,24,6364,265.17,64,1.43,3,178,24,20,1,0,5,2,5,4,0,1,7,1.9,No
C1247,Female,43,Mumbai,Gold,Women,H&M,45,25257,561.27,92,5.85,9,25,15,14,9,8,7,3,4,1,4,2,5,3.9,No
C1248,Female,45,Kolkata,Gold,Footwear,Nike,5,35308,7061.6,40,3.71,27,139,17,11,14,0,10,8,3,5,1,0,5,4.1,No
C1249,Male,28,Pune,Free,Footwear,Roadster,13,34845,2680.38,175,4.08,18,83,19,9,10,6,10,5,0,0,4,5,1,1.2,Yes
C1250,Male,23,Kolkata,Free,Women,Zara,32,13057,408.03,26,0.45,21,203,21,15,8,0,5,3,4,5,0,0,3,3.6,No
C1251,Male,32,Kolkata,Gold,Men,Levis,36,49224,1367.33,107,6.61,26,34,19,8,1,1,4,1,1,4,0,0,3,3.1,No
C1252,Male,24,Delhi,Gold,Women,Nike,36,49599,1377.75,143,3.44,4,300,11,14,13,1,2,2,2,3,4,2,2,3.1,No
C1253,Female,29,Hyderabad,Gold,Kids,Levis,27,42000,1555.56,111,6.64,11,128,18,17,6,6,8,4,2,3,3,3,0,3.9,No
C1254,Female,37,Chennai,Gold,Women,Puma,1,20182,20182.0,57,1.88,11,16,24,8,4,1,0,7,0,1,1,2,5,4.6,No
C1255,Male,25,Hyderabad,Silver,Men,Roadster,37,14749,398.62,20,5.84,26,252,5,15,3,9,10,4,0,5,4,3,1,4.1,No
C1256,Female,29,Kolkata,Silver,Beauty,Zara,50,15358,307.16,168,6.83,30,10,20,20,12,0,4,8,0,2,4,4,2,2.3,No
C1257,Male,22,Chennai,Gold,Beauty,U.S. Polo,49,39502,806.16,148,4.14,8,226,9,12,4,2,5,1,3,4,5,0,8,2.6,Yes
C1258,Male,30,Delhi,Silver,Women,Nike,31,37154,1198.52,51,4.01,21,297,6,17,7,3,1,4,1,2,5,4,1,1.5,No
C1259,Female,31,Hyderabad,Silver,Women,Levis,23,39420,1713.91,168,0.39,10,91,11,19,14,9,2,7,0,1,1,5,5,1.6,No
C1260,Male,21,Pune,Free,Women,Nike,19,1400,73.68,88,5.61,4,161,14,15,0,5,3,8,1,1,4,4,4,3.2,No
C1261,Male,40,Pune,Gold,Men,Roadster,38,43984,1157.47,135,0.54,6,35,9,6,8,0,7,0,0,3,5,2,5,4.5,Yes
C1262,Male,27,Kolkata,Gold,Beauty,Adidas,25,33827,1353.08,26,7.25,16,277,2,5,6,8,7,8,5,0,0,1,8,2.2,No
C1263,Female,30,Pune,Free,Men,Levis,44,23562,535.5,91,5.08,8,261,8,1,8,6,0,8,0,1,1,2,6,3.6,No
C1264,Male,41,Mumbai,Gold,Footwear,Adidas,27,16252,601.93,147,1.39,10,173,14,17,4,3,10,2,4,4,5,6,3,4.5,No
C1265,Female,40,Pune,Gold,Women,Roadster,50,10012,200.24,168,7.48,30,85,10,2,3,2,5,2,5,0,2,3,6,2.2,Yes
C1266,Female,22,Kolkata,Free,Men,Nike,12,2216,184.67,157,5.01,20,295,19,7,7,3,10,0,2,0,5,6,7,1.5,Yes
C1267,Female,40,Pune,Silver,Women,Roadster,32,31554,986.06,36,1.48,8,21,13,0,8,6,3,3,1,0,1,3,7,3.8,No
C1268,Female,25,Mumbai,Silver,Men,Roadster,47,21006,446.94,101,4.97,24,297,19,17,1,8,1,7,1,0,1,4,8,2.6,No
C1269,Male,35,Mumbai,Gold,Men,Adidas,19,29306,1542.42,102,7.1,25,151,14,5,13,4,9,0,5,4,1,3,7,1.4,No
C1270,Male,23,Kolkata,Gold,Footwear,Nike,26,27603,1061.65,83,3.72,6,237,18,6,14,1,4,5,1,5,5,0,1,1.5,No
C1271,Female,38,Hyderabad,Free,Footwear,Roadster,47,34032,724.09,157,7.61,13,286,12,1,5,5,9,2,1,1,1,6,0,2.7,Yes
C1272,Female,41,Kolkata,Silver,Kids,Nike,8,9122,1140.25,52,0.23,25,134,0,14,15,7,8,0,4,3,1,1,7,2.8,No
C1273,Female,20,Delhi,Gold,Men,Adidas,36,18726,520.17,159,5.1,27,111,1,5,4,0,10,5,0,1,0,5,4,2.3,Yes
C1274,Male,19,Chennai,Silver,Women,Nike,44,19137,434.93,157,5.36,23,298,25,17,5,7,9,5,0,0,2,2,5,4.6,No
C1275,Male,42,Mumbai,Gold,Men,Puma,31,9317,300.55,32,5.62,9,173,16,13,6,3,9,0,0,4,5,5,8,4.9,No
C1276,Female,41,Pune,Gold,Kids,Roadster,39,21241,544.64,67,4.3,20,186,4,19,15,8,10,7,3,1,4,1,4,4.9,No
C1277,Male,21,Chennai,Silver,Men,Adidas,40,27673,691.83,106,0.55,12,291,25,20,6,0,10,3,5,2,2,6,1,2.2,Yes
C1278,Female,42,Chennai,Free,Kids,Levis,26,47974,1845.15,146,5.0,1,94,6,10,10,10,7,7,0,5,1,3,2,3.5,Yes
C1279,Female,32,Kolkata,Silver,Men,Puma,37,48011,1297.59,174,2.66,18,14,6,18,10,5,1,2,1,0,2,3,8,4.4,No
C1280,Female,23,Delhi,Free,Kids,Levis,46,2572,55.91,70,3.43,16,126,11,14,9,3,8,4,1,0,2,6,0,4.1,No
C1281,Male,32,Delhi,Free,Beauty,Nike,13,22789,1753.0,124,5.91,17,163,24,10,4,1,8,2,1,5,0,3,6,3.9,No
C1282,Male,18,Hyderabad,Free,Footwear,Zara,22,31097,1413.5,12,1.0,25,164,0,18,9,10,3,5,1,1,2,2,8,2.3,No
C1283,Female,39,Chennai,Silver,Women,Nike,18,8001,444.5,4,7.67,18,268,3,6,11,8,5,4,1,5,2,4,3,1.7,No
C1284,Female,37,Hyderabad,Gold,Beauty,H&M,9,2400,266.67,121,7.25,2,59,12,1,2,6,6,2,5,4,4,5,7,3.5,Yes
C1285,Female,28,Kolkata,Free,Footwear,Zara,49,31019,633.04,146,1.23,27,244,3,14,9,10,10,7,3,1,1,1,4,4.7,No
C1286,Female,23,Pune,Gold,Kids,Levis,30,32449,1081.63,8,0.71,4,184,15,14,5,4,5,2,4,0,3,6,1,2.3,No
C1287,Male,43,Hyderabad,Gold,Beauty,Roadster,38,27595,726.18,62,5.04,18,86,15,12,2,5,3,6,3,4,2,4,3,1.7,No
C1288,Male,41,Pune,Gold,Beauty,Zara,38,39564,1041.16,119,2.74,4,232,5,9,12,1,9,1,5,4,3,2,7,3.6,Yes
C1289,Male,20,Bangalore,Free,Footwear,H&M,49,10115,206.43,170,1.36,18,154,12,19,14,3,3,5,2,4,5,2,6,3.9,No
C1290,Female,20,Delhi,Free,Footwear,Roadster,9,19779,2197.67,16,3.08,18,32,0,17,11,1,4,0,1,3,5,4,6,3.5,No
C1291,Female,30,Mumbai,Silver,Footwear,Adidas,43,11864,275.91,122,1.28,18,201,11,13,4,4,10,2,1,0,0,5,0,1.6,No
C1292,Female,39,Mumbai,Free,Men,Nike,42,27753,660.79,117,7.17,23,222,19,5,14,8,6,8,3,3,2,1,2,2.7,Yes
C1293,Male,36,Mumbai,Gold,Women,Puma,27,36293,1344.19,148,3.06,2,295,15,11,3,9,7,1,1,5,5,4,4,2.9,Yes
C1294,Male,34,Delhi,Free,Women,U.S. Polo,41,49107,1197.73,170,7.69,3,281,25,18,9,9,0,5,0,3,3,4,7,3.3,No
C1295,Female,31,Hyderabad,Silver,Kids,Nike,3,46050,15350.0,153,6.05,24,293,8,1,15,9,2,0,2,2,5,4,0,2.1,No
C1296,Male,22,Delhi,Free,Kids,Puma,9,40856,4539.56,72,2.35,9,12,23,3,5,9,2,7,1,1,2,6,3,2.9,No
C1297,Male,28,Chennai,Free,Footwear,Nike,32,49832,1557.25,106,6.21,8,230,23,20,5,3,9,5,0,5,2,6,1,1.2,Yes
C1298,Female,30,Mumbai,Silver,Beauty,Adidas,25,45294,1811.76,100,3.9,5,276,13,0,9,7,6,5,4,5,0,0,8,3.5,No
C1299,Female,37,Pune,Silver,Kids,Puma,18,6940,385.56,66,5.3,13,241,24,7,6,8,5,2,2,4,0,5,0,4.3,No
C1300,Male,31,Chennai,Gold,Men,U.S. Polo,23,14879,646.91,73,2.16,2,17,19,2,1,9,10,3,4,5,0,5,1,1.3,Yes
C1301,Male,30,Pune,Gold,Footwear,Nike,8,46090,5761.25,48,2.18,15,43,20,14,8,6,10,5,2,1,0,2,0,2.5,No
C1302,Female,19,Hyderabad,Silver,Women,U.S. Polo,5,32725,6545.0,52,4.96,6,256,3,4,13,3,9,1,3,5,2,0,0,1.3,No
C1303,Female,42,Mumbai,Free,Beauty,Nike,42,42465,1011.07,1,7.48,22,204,8,4,10,6,9,0,4,5,3,3,6,2.6,Yes
C1304,Male,35,Bangalore,Free,Beauty,U.S. Polo,8,37674,4709.25,138,7.49,12,175,21,9,12,0,10,1,2,4,2,0,7,4.0,No
C1305,Female,38,Bangalore,Free,Footwear,H&M,25,43801,1752.04,49,2.53,13,59,20,11,15,1,10,7,5,1,1,0,3,1.1,No
C1306,Male,33,Mumbai,Free,Footwear,Puma,32,35492,1109.12,116,7.74,1,23,10,1,10,0,6,1,1,5,5,4,7,4.8,Yes
C1307,Male,41,Delhi,Free,Men,H&M,48,9779,203.73,126,5.3,16,28,7,20,4,0,2,0,1,0,3,4,2,4.3,Yes
C1308,Male,44,Kolkata,Free,Men,U.S. Polo,39,40845,1047.31,57,0.69,7,223,10,12,10,1,10,8,1,2,1,6,0,3.4,No
C1309,Female,20,Chennai,Silver,Women,Roadster,11,46132,4193.82,95,4.52,15,129,18,1,4,1,10,6,1,0,3,0,0,1.0,Yes
C1310,Male,40,Pune,Gold,Kids,Roadster,45,31695,704.33,178,1.19,5,143,16,14,13,3,2,0,2,1,5,3,1,3.5,No
C1311,Female,29,Mumbai,Free,Footwear,Adidas,13,8200,630.77,136,7.82,20,190,24,17,7,7,10,3,2,0,1,0,2,3.7,No
C1312,Female,33,Bangalore,Free,Men,H&M,42,24367,580.17,73,1.83,9,176,19,14,1,1,0,8,0,1,0,3,8,1.5,No
C1313,Male,41,Mumbai,Gold,Footwear,Levis,27,13525,500.93,174,7.21,8,61,10,7,3,3,6,3,3,1,0,3,7,1.2,Yes
C1314,Female,22,Bangalore,Gold,Beauty,Nike,25,24976,999.04,35,3.77,7,188,8,6,10,2,0,0,0,1,0,6,7,2.8,No
C1315,Male,42,Hyderabad,Free,Kids,Nike,41,40577,989.68,44,4.71,18,122,2,13,15,3,9,7,3,2,0,5,6,3.9,No
C1316,Male,25,Hyderabad,Silver,Footwear,Adidas,38,10262,270.05,147,7.21,14,27,1,15,1,6,8,6,3,5,0,3,7,2.0,Yes
C1317,Male,40,Pune,Silver,Women,Nike,23,19884,864.52,62,5.25,3,13,15,9,5,7,9,0,3,3,1,6,6,1.7,Yes
C1318,Female,38,Mumbai,Gold,Men,Zara,25,45769,1830.76,86,4.34,10,223,24,8,6,10,1,5,0,4,5,2,0,1.4,No
C1319,Female,32,Delhi,Free,Kids,Levis,12,42978,3581.5,144,5.7,18,109,4,10,7,8,1,7,0,5,1,2,5,4.6,No
C1320,Female,26,Chennai,Free,Kids,Levis,29,32365,1116.03,129,4.31,4,245,22,17,9,7,9,5,5,5,0,1,7,1.3,Yes
C1321,Female,23,Hyderabad,Free,Men,Nike,18,7841,435.61,179,1.35,5,109,16,20,0,4,6,8,1,3,2,3,7,4.0,No
C1322,Male,27,Bangalore,Free,Men,Adidas,34,42749,1257.32,86,3.41,11,172,15,18,14,7,4,2,2,1,2,1,7,2.5,No
C1323,Female,42,Kolkata,Free,Women,Levis,19,30379,1598.89,43,5.03,6,279,9,5,5,10,2,2,0,0,0,2,2,2.8,No
C1324,Female,23,Bangalore,Gold,Men,Levis,23,10195,443.26,96,3.7,6,278,9,3,0,6,7,2,3,2,1,0,8,4.9,No
C1325,Female,38,Pune,Silver,Beauty,Puma,49,38099,777.53,171,1.35,19,231,10,3,15,0,2,8,0,2,0,3,3,2.8,No
C1326,Male,28,Chennai,Gold,Women,Adidas,50,18714,374.28,51,0.38,18,233,21,2,12,3,7,5,4,4,4,0,5,2.6,Yes
C1327,Female,29,Mumbai,Silver,Men,Puma,23,23526,1022.87,79,7.82,28,292,2,6,14,6,7,4,1,5,3,5,6,1.6,No
C1328,Male,22,Bangalore,Silver,Beauty,Levis,5,39210,7842.0,97,0.89,14,144,13,5,14,9,2,3,0,3,2,4,7,1.2,Yes
C1329,Female,44,Delhi,Silver,Beauty,U.S. Polo,15,2258,150.53,1,1.4,10,246,3,20,9,6,2,7,2,5,1,0,1,4.1,No
C1330,Female,20,Delhi,Gold,Kids,U.S. Polo,37,29078,785.89,67,5.1,16,66,11,16,0,4,2,0,0,2,3,5,2,2.4,No
C1331,Male,26,Hyderabad,Silver,Kids,H&M,19,19614,1032.32,136,5.18,3,268,6,20,5,1,9,2,4,2,2,6,4,2.1,Yes
C1332,Female,21,Delhi,Gold,Kids,Nike,1,9475,9475.0,133,2.4,25,253,13,10,5,1,3,2,1,1,4,4,8,4.4,No
C1333,Male,31,Mumbai,Free,Men,Nike,2,31925,15962.5,90,2.63,12,76,14,19,10,2,4,0,0,1,1,6,2,3.8,No
C1334,Female,22,Bangalore,Free,Men,Roadster,45,7821,173.8,20,0.35,16,225,1,6,3,0,10,8,4,0,3,0,4,1.2,Yes
C1335,Female,39,Chennai,Free,Men,Adidas,38,13608,358.11,48,5.43,1,51,4,8,11,5,2,8,2,4,1,4,1,1.4,Yes
C1336,Male,34,Bangalore,Gold,Women,Puma,11,49915,4537.73,138,0.23,24,55,6,16,15,5,9,2,3,5,0,1,5,4.9,Yes
C1337,Female,24,Delhi,Free,Beauty,Zara,49,21096,430.53,32,3.83,17,74,15,11,9,8,0,1,0,3,0,3,4,2.8,No
C1338,Female,39,Kolkata,Silver,Women,Roadster,19,28546,1502.42,49,6.88,29,248,21,11,5,0,10,7,5,0,3,3,8,3.6,No
C1339,Male,21,Bangalore,Silver,Beauty,Zara,48,11557,240.77,17,3.04,7,178,6,19,12,1,3,6,3,2,5,6,4,4.0,No
C1340,Female,29,Mumbai,Gold,Footwear,Roadster,32,34016,1063.0,72,1.35,15,60,3,8,15,7,3,2,0,0,5,0,1,3.0,No
C1341,Male,23,Mumbai,Gold,Kids,Nike,20,41261,2063.05,160,0.95,3,271,24,15,14,3,4,7,3,4,2,4,5,4.2,Yes
C1342,Male,42,Chennai,Silver,Men,Roadster,29,21114,728.07,97,3.65,2,21,5,17,9,2,7,6,1,2,5,3,7,4.1,Yes
C1343,Female,39,Delhi,Gold,Footwear,U.S. Polo,31,37347,1204.74,41,4.15,13,139,15,18,12,9,10,5,2,2,0,0,0,1.5,No
C1344,Female,29,Kolkata,Gold,Footwear,H&M,49,41470,846.33,88,3.17,14,181,11,13,11,0,10,3,1,1,5,2,1,4.6,No
C1345,Male,45,Hyderabad,Free,Kids,Nike,2,35785,17892.5,84,0.49,22,221,18,16,13,4,0,7,0,2,3,4,6,2.3,No
C1346,Male,43,Mumbai,Free,Women,Levis,32,33449,1045.28,171,2.85,20,158,11,13,6,7,10,1,4,1,2,2,0,2.2,No
C1347,Female,43,Bangalore,Gold,Men,Zara,38,22575,594.08,70,0.72,26,276,15,13,6,5,1,4,1,3,5,4,5,1.8,No
C1348,Female,26,Delhi,Gold,Beauty,Nike,2,41646,20823.0,133,6.93,19,260,6,14,8,10,8,6,4,5,5,0,8,1.8,Yes
C1349,Female,22,Bangalore,Free,Kids,Roadster,27,21383,791.96,17,5.14,28,216,8,9,5,4,10,3,3,1,0,1,3,1.1,No
C1350,Female,32,Mumbai,Gold,Beauty,Roadster,42,2925,69.64,52,1.44,5,19,8,8,5,10,0,7,0,0,0,2,4,4.5,No
C1351,Female,29,Pune,Gold,Men,Roadster,47,9711,206.62,61,1.07,24,261,3,16,8,7,1,3,0,2,2,6,6,4.2,No
C1352,Male,31,Bangalore,Free,Men,Nike,14,18492,1320.86,113,3.39,28,33,15,17,11,1,5,8,3,3,5,1,4,4.5,Yes
C1353,Male,29,Mumbai,Gold,Kids,Puma,2,42796,21398.0,156,0.47,24,32,22,7,8,8,6,4,5,5,2,6,1,3.1,Yes
C1354,Male,45,Mumbai,Silver,Men,Roadster,17,20219,1189.35,24,7.5,25,125,9,6,5,7,10,5,5,3,0,2,1,4.3,No
C1355,Female,33,Pune,Silver,Kids,Roadster,7,11008,1572.57,179,2.24,3,185,13,19,10,7,0,0,0,5,3,6,2,1.0,Yes
C1356,Male,38,Hyderabad,Silver,Footwear,Zara,8,10843,1355.38,64,4.23,25,71,19,13,10,7,7,2,2,1,5,4,5,4.2,No
C1357,Male,20,Mumbai,Silver,Women,Roadster,25,37881,1515.24,58,0.36,1,290,20,19,7,1,7,3,2,5,1,0,6,3.5,No
C1358,Female,22,Chennai,Silver,Women,Zara,1,47593,47593.0,135,3.59,30,237,21,15,3,3,3,3,2,2,5,3,6,1.5,No
C1359,Male,37,Bangalore,Silver,Women,Roadster,12,27273,2272.75,38,0.42,9,125,19,14,7,5,9,7,0,0,3,1,5,4.9,No
C1360,Female,39,Bangalore,Gold,Beauty,Roadster,48,39637,825.77,66,0.77,18,35,1,10,7,7,5,0,0,2,4,4,6,2.2,No
C1361,Female,39,Hyderabad,Free,Footwear,H&M,38,12255,322.5,67,1.52,16,178,14,4,2,5,8,6,1,2,0,2,0,4.9,No
C1362,Female,45,Kolkata,Silver,Kids,Roadster,19,17750,934.21,157,6.67,30,140,16,10,13,2,5,7,1,4,5,5,7,1.2,No
C1363,Male,19,Bangalore,Free,Men,U.S. Polo,17,11218,659.88,120,3.6,29,258,1,14,11,8,7,7,3,0,5,6,2,1.5,Yes
C1364,Male,24,Kolkata,Silver,Women,Nike,48,33840,705.0,70,4.59,22,113,18,0,5,6,1,3,1,5,0,2,0,2.1,No
C1365,Male,30,Hyderabad,Gold,Men,Levis,10,2392,239.2,21,3.79,23,250,14,20,8,9,10,0,2,0,5,4,7,2.3,No
C1366,Male,24,Kolkata,Free,Kids,Levis,4,49245,12311.25,19,4.47,20,200,2,12,8,2,3,6,0,0,1,1,6,4.1,No
C1367,Female,38,Kolkata,Gold,Women,Zara,20,32668,1633.4,111,5.94,30,163,21,19,4,5,10,1,2,4,1,3,7,4.5,No
C1368,Female,26,Delhi,Gold,Beauty,Zara,49,28191,575.33,95,4.99,14,223,2,1,10,7,10,3,5,5,5,1,7,3.1,No
C1369,Male,27,Mumbai,Silver,Men,U.S. Polo,20,10239,511.95,33,5.54,10,132,16,13,9,9,0,8,0,0,4,0,8,2.7,No
C1370,Male,32,Pune,Gold,Footwear,Puma,23,17202,747.91,150,0.84,17,13,3,14,5,2,6,0,0,3,5,2,5,3.3,Yes
C1371,Female,42,Pune,Silver,Footwear,Puma,22,12767,580.32,55,1.64,24,137,21,3,13,8,0,0,0,0,0,1,7,2.8,No
C1372,Female,45,Pune,Gold,Footwear,U.S. Polo,20,41033,2051.65,158,3.01,22,207,25,9,2,2,2,0,0,0,0,5,3,4.4,No
C1373,Male,33,Pune,Free,Women,Roadster,41,35796,873.07,49,0.87,25,242,4,15,13,0,1,2,0,5,5,3,7,2.9,Yes
C1374,Female,36,Bangalore,Free,Kids,Roadster,4,22379,5594.75,3,1.0,28,226,13,15,9,0,7,6,3,4,4,5,7,1.9,No
C1375,Male,34,Chennai,Silver,Footwear,Levis,36,4662,129.5,69,7.16,14,247,3,15,11,7,6,0,1,2,5,1,7,2.4,No
C1376,Male,34,Bangalore,Gold,Kids,U.S. Polo,9,19727,2191.89,100,7.69,27,189,25,15,5,9,3,4,0,5,3,1,2,1.8,No
C1377,Female,21,Kolkata,Silver,Beauty,Puma,16,14225,889.06,143,0.57,1,188,8,11,5,2,8,0,0,2,3,0,3,1.5,Yes
C1378,Male,33,Hyderabad,Silver,Kids,H&M,50,37005,740.1,69,7.19,28,268,19,3,1,7,7,1,0,4,4,6,1,4.3,No
C1379,Male,34,Chennai,Free,Men,Adidas,24,10791,449.62,75,5.72,25,264,15,3,4,10,5,5,1,0,1,3,6,4.1,No
C1380,Male,25,Kolkata,Silver,Kids,Puma,33,11723,355.24,22,2.27,23,217,11,20,7,2,8,6,1,1,3,3,6,4.6,No
C1381,Female,18,Mumbai,Free,Men,Zara,6,22671,3778.5,81,3.33,25,89,13,1,12,0,10,2,4,0,5,5,8,4.9,No
C1382,Female,30,Pune,Gold,Footwear,Puma,47,49173,1046.23,81,7.29,1,148,16,19,4,6,7,3,4,4,4,5,7,3.8,No
C1383,Female,42,Bangalore,Silver,Men,H&M,35,22421,640.6,100,5.86,24,69,16,17,9,3,1,8,1,4,2,6,2,1.1,No
C1384,Female,25,Kolkata,Silver,Beauty,Zara,47,4428,94.21,96,2.23,17,186,3,1,3,7,4,0,3,2,1,6,8,4.4,No
C1385,Male,29,Hyderabad,Silver,Footwear,Nike,46,25250,548.91,134,5.95,4,172,16,18,6,5,7,1,1,5,3,6,6,1.3,Yes
C1386,Male,31,Bangalore,Silver,Women,U.S. Polo,5,24702,4940.4,174,4.3,19,291,16,12,8,9,7,6,3,5,3,5,6,4.3,No
C1387,Male,34,Bangalore,Silver,Beauty,Nike,46,34132,742.0,136,1.12,7,238,15,1,5,8,5,1,4,3,0,0,5,3.3,No
C1388,Male,34,Bangalore,Free,Kids,Puma,24,20374,848.92,76,3.99,26,78,4,18,13,0,4,4,1,1,5,3,0,1.5,No
C1389,Female,20,Kolkata,Free,Beauty,U.S. Polo,37,20796,562.05,145,3.73,11,198,15,19,4,2,8,7,3,5,3,1,5,1.4,Yes
C1390,Female,30,Bangalore,Silver,Kids,H&M,43,29538,686.93,72,5.24,28,89,22,0,9,8,10,1,5,4,0,1,8,3.3,No
C1391,Male,36,Delhi,Free,Beauty,H&M,8,43639,5454.88,137,1.6,1,145,25,6,7,9,7,1,4,4,2,3,0,3.0,Yes
C1392,Male,28,Mumbai,Free,Beauty,H&M,34,21299,626.44,98,2.21,4,55,17,5,9,2,2,4,0,1,2,3,2,1.2,Yes
C1393,Female,23,Chennai,Gold,Men,Puma,25,6971,278.84,82,1.31,29,170,8,12,3,0,3,3,1,3,4,6,8,2.5,No
C1394,Male,26,Chennai,Silver,Beauty,Roadster,5,32230,6446.0,8,3.38,8,14,8,17,3,3,8,2,2,4,3,3,1,4.4,No
C1395,Male,43,Bangalore,Silver,Footwear,Nike,16,35727,2232.94,109,7.7,18,236,1,0,14,9,4,2,0,0,3,2,4,4.4,No
C1396,Female,29,Kolkata,Gold,Women,Puma,3,11078,3692.67,137,4.59,10,50,12,3,4,8,4,6,1,4,4,6,5,4.5,No
C1397,Female,38,Hyderabad,Gold,Beauty,Puma,16,43902,2743.88,83,2.86,15,173,0,4,0,9,7,0,0,5,1,3,8,4.6,No
C1398,Female,42,Mumbai,Gold,Men,Zara,35,2528,72.23,172,3.67,4,185,12,19,11,6,2,0,0,3,2,1,7,1.0,No
C1399,Male,42,Hyderabad,Gold,Kids,Adidas,6,40702,6783.67,161,2.56,23,118,7,15,11,0,4,7,4,1,0,1,6,1.4,No
C1400,Female,36,Delhi,Silver,Women,Adidas,43,48918,1137.63,145,5.44,20,294,5,2,4,1,2,4,2,1,4,5,4,1.8,Yes
C1401,Male,40,Pune,Gold,Footwear,Puma,44,37207,845.61,117,0.22,14,31,10,13,13,4,1,8,1,3,2,4,0,4.5,No
C1402,Male,19,Hyderabad,Silver,Footwear,U.S. Polo,21,838,39.9,101,1.72,3,297,25,0,7,6,1,3,0,1,2,2,1,3.5,No
C1403,Male,18,Mumbai,Silver,Men,Levis,17,16697,982.18,28,3.89,11,32,10,16,7,1,9,7,0,5,3,4,1,1.3,No
C1404,Male,19,Mumbai,Silver,Men,Nike,4,29461,7365.25,15,2.55,21,226,2,3,1,8,0,4,0,3,0,4,6,1.9,No
C1405,Male,32,Mumbai,Silver,Beauty,Zara,22,43158,1961.73,173,6.31,15,269,10,18,6,1,1,0,0,4,1,4,2,3.5,No
C1406,Female,29,Mumbai,Silver,Footwear,U.S. Polo,12,16435,1369.58,36,6.42,2,70,9,18,13,8,10,5,2,4,4,6,2,1.6,Yes
C1407,Female,37,Hyderabad,Silver,Kids,H&M,34,38932,1145.06,169,5.49,2,126,16,17,1,6,5,3,1,5,1,6,1,2.4,Yes
C1408,Female,40,Pune,Silver,Footwear,Levis,38,37599,989.45,86,5.01,14,173,5,3,14,0,7,3,0,5,1,5,3,2.9,No
C1409,Male,25,Mumbai,Gold,Kids,Roadster,14,26734,1909.57,48,6.64,1,190,0,2,11,0,8,1,1,2,3,1,5,1.2,No
C1410,Male,24,Bangalore,Silver,Women,Adidas,17,47609,2800.53,45,2.85,18,130,5,6,0,2,4,1,0,5,1,3,1,2.4,No
C1411,Male,27,Mumbai,Free,Kids,Levis,43,11730,272.79,135,7.82,20,227,22,2,3,2,2,3,0,4,3,5,5,2.3,Yes
C1412,Female,38,Bangalore,Free,Footwear,Adidas,35,19779,565.11,39,2.76,2,148,4,16,15,3,1,7,0,1,4,3,8,2.5,No
C1413,Female,23,Hyderabad,Gold,Kids,U.S. Polo,46,32926,715.78,122,2.29,13,23,6,7,6,7,3,6,1,2,3,3,2,4.7,No
C1414,Female,26,Delhi,Free,Women,Zara,19,29631,1559.53,133,2.94,19,26,14,16,10,6,7,7,3,3,2,6,7,2.3,Yes
C1415,Female,18,Bangalore,Silver,Women,Puma,42,5473,130.31,92,7.23,10,261,16,17,2,4,3,1,0,0,2,0,8,1.8,No
C1416,Male,39,Hyderabad,Silver,Kids,Puma,13,46744,3595.69,155,7.98,28,283,8,0,9,4,5,6,3,4,5,0,7,3.6,No
C1417,Male,45,Mumbai,Free,Women,Adidas,31,15817,510.23,133,4.78,18,244,23,14,10,1,5,3,3,5,3,1,7,2.8,Yes
C1418,Male,29,Bangalore,Gold,Women,Puma,48,1134,23.62,128,6.52,27,186,10,7,13,6,10,6,5,4,2,2,0,3.3,No
C1419,Male,22,Bangalore,Silver,Footwear,Roadster,25,13882,555.28,101,0.7,13,101,15,3,10,9,7,4,0,1,0,5,8,1.7,Yes
C1420,Female,18,Bangalore,Free,Men,Roadster,19,13993,736.47,60,2.47,17,40,14,1,11,8,0,2,0,3,3,1,1,1.5,No
C1421,Female,33,Pune,Free,Beauty,Adidas,9,13979,1553.22,80,3.57,23,248,5,19,9,9,3,8,3,2,1,0,2,2.8,No
C1422,Female,37,Kolkata,Free,Footwear,Levis,37,32675,883.11,118,3.81,2,51,9,20,14,5,4,6,4,1,3,1,2,4.6,Yes
C1423,Female,32,Mumbai,Gold,Women,Zara,26,46286,1780.23,12,2.07,28,85,8,20,9,10,1,3,1,3,4,0,5,1.3,No
C1424,Male,34,Kolkata,Silver,Beauty,U.S. Polo,11,17065,1551.36,54,4.15,15,18,2,20,14,6,5,6,1,3,0,0,4,1.5,No
C1425,Male,28,Pune,Gold,Beauty,U.S. Polo,30,4971,165.7,22,4.48,8,229,4,15,8,2,2,0,2,0,1,2,1,3.1,No
C1426,Female,23,Chennai,Gold,Men,Puma,10,29378,2937.8,92,1.59,23,22,21,17,6,7,0,8,0,3,5,2,7,1.2,No
C1427,Male,19,Kolkata,Silver,Women,Adidas,24,16132,672.17,52,0.91,14,19,0,10,6,10,10,1,1,0,5,1,2,1.2,No
C1428,Male,44,Hyderabad,Silver,Footwear,Adidas,40,14073,351.82,139,3.28,14,66,7,6,3,5,5,2,0,3,5,2,0,2.6,Yes
C1429,Female,25,Chennai,Gold,Kids,Levis,3,4912,1637.33,56,3.41,25,260,3,17,5,4,1,5,1,5,5,1,5,1.7,No
C1430,Female,45,Pune,Silver,Men,Levis,2,40380,20190.0,150,3.7,17,124,16,18,0,3,0,1,0,1,5,3,3,3.5,No
C1431,Male,22,Hyderabad,Silver,Kids,Adidas,10,25125,2512.5,53,5.21,8,232,23,10,4,4,5,0,4,3,5,6,4,4.0,No
C1432,Male,45,Pune,Silver,Kids,Adidas,14,35844,2560.29,14,7.27,22,132,25,7,12,8,5,2,3,5,0,0,7,1.3,No
C1433,Male,19,Pune,Free,Women,Nike,6,11882,1980.33,152,4.48,26,109,7,16,2,6,7,4,1,5,1,1,6,1.7,Yes
C1434,Male,27,Hyderabad,Gold,Beauty,Adidas,18,32034,1779.67,21,7.62,12,208,12,5,15,7,6,8,4,5,3,6,2,4.3,No
C1435,Female,18,Kolkata,Silver,Beauty,Zara,49,20175,411.73,153,4.39,18,94,8,12,14,4,7,4,3,4,4,3,1,2.3,Yes
C1436,Female,24,Bangalore,Free,Men,H&M,33,48365,1465.61,96,4.03,30,217,12,11,12,7,4,1,3,0,0,3,2,1.8,No
C1437,Female,26,Kolkata,Gold,Kids,U.S. Polo,41,45620,1112.68,95,5.63,21,202,13,7,7,7,0,5,0,5,5,5,2,2.0,No
C1438,Female,39,Bangalore,Silver,Women,Nike,1,8150,8150.0,24,5.23,30,201,12,18,2,8,3,6,1,3,2,5,4,3.0,No
C1439,Female,36,Hyderabad,Gold,Beauty,Zara,7,42192,6027.43,147,6.26,12,78,8,6,12,4,0,2,0,0,0,0,6,3.1,No
C1440,Female,41,Mumbai,Free,Women,Levis,12,46640,3886.67,35,1.74,6,262,3,14,6,2,3,0,1,1,2,6,6,2.8,No
C1441,Male,45,Pune,Free,Men,Puma,6,25254,4209.0,32,2.36,11,20,18,7,15,7,10,1,0,0,2,6,0,3.7,No
C1442,Male,21,Bangalore,Gold,Men,Roadster,39,34583,886.74,69,7.47,16,177,19,13,10,5,10,5,2,1,2,5,6,2.5,No
C1443,Male,29,Kolkata,Silver,Men,H&M,30,46264,1542.13,103,5.86,29,76,0,19,3,8,4,3,2,3,4,5,7,3.1,No
C1444,Male,18,Pune,Silver,Men,Levis,3,48722,16240.67,84,5.49,8,253,12,19,2,5,6,7,5,5,0,5,6,2.2,No
C1445,Male,40,Bangalore,Gold,Footwear,H&M,9,33132,3681.33,23,2.55,22,285,14,5,14,1,7,8,1,1,1,1,1,1.4,No
C1446,Male,23,Hyderabad,Silver,Kids,Adidas,47,17383,369.85,171,3.92,29,68,21,4,15,1,5,3,4,4,0,5,5,2.5,Yes
C1447,Female,38,Pune,Gold,Beauty,Adidas,15,17479,1165.27,30,2.47,4,50,10,18,6,1,9,5,1,2,3,4,0,2.2,No
C1448,Male,45,Mumbai,Silver,Kids,Levis,44,8777,199.48,134,5.38,19,118,3,12,0,8,7,5,1,2,1,3,7,1.6,Yes
C1449,Female,22,Pune,Gold,Men,Levis,20,33423,1671.15,177,1.16,28,298,15,20,6,7,4,6,0,2,1,6,3,4.4,No
C1450,Male,40,Pune,Free,Women,U.S. Polo,47,26177,556.96,77,7.88,22,86,0,17,12,5,6,7,2,3,3,0,8,3.9,No
C1451,Female,40,Bangalore,Gold,Footwear,Roadster,7,9078,1296.86,83,6.07,19,32,22,9,14,10,2,2,1,5,3,2,2,1.8,No
C1452,Male,41,Pune,Free,Kids,Zara,44,10173,231.2,97,7.61,14,91,1,3,11,7,2,0,0,4,5,2,6,4.9,Yes
C1453,Female,25,Chennai,Free,Women,Roadster,32,20337,635.53,177,4.85,6,197,24,2,14,10,6,4,5,5,3,2,0,1.5,Yes
C1454,Male,21,Mumbai,Gold,Footwear,Adidas,2,38959,19479.5,147,7.9,16,145,22,3,5,6,7,6,2,4,1,0,5,1.3,No
C1455,Male,30,Kolkata,Gold,Men,Roadster,36,35654,990.39,136,4.01,17,280,22,20,3,3,10,1,1,4,5,1,0,3.2,No
C1456,Female,21,Chennai,Free,Footwear,Adidas,42,11065,263.45,23,4.59,28,22,2,3,9,5,8,2,3,5,0,1,4,1.2,Yes
C1457,Female,39,Delhi,Silver,Women,U.S. Polo,45,21008,466.84,134,7.3,12,280,16,6,3,10,0,3,0,1,1,2,3,4.8,No
C1458,Male,36,Hyderabad,Silver,Women,Roadster,5,36534,7306.8,66,2.23,21,88,12,14,2,4,10,6,5,1,4,1,1,3.5,No
C1459,Female,38,Pune,Gold,Women,Levis,37,43577,1177.76,166,6.6,20,88,13,4,10,6,6,0,4,1,0,2,1,3.1,No
C1460,Female,20,Hyderabad,Gold,Men,Levis,22,18407,836.68,38,6.98,8,145,0,3,12,3,6,1,0,1,4,5,4,3.4,No
C1461,Female,21,Delhi,Silver,Footwear,Puma,36,18263,507.31,156,0.97,2,92,10,12,5,5,10,8,4,4,3,3,2,2.0,Yes
C1462,Male,39,Bangalore,Free,Beauty,Puma,4,48041,12010.25,164,7.8,23,132,21,19,13,7,2,7,1,3,4,2,4,4.8,No
C1463,Male,27,Pune,Free,Kids,Roadster,50,20995,419.9,24,5.15,3,127,2,5,1,1,4,8,3,0,3,5,8,4.7,Yes
C1464,Male,33,Mumbai,Gold,Footwear,Zara,26,1410,54.23,158,1.68,27,8,22,13,11,3,10,8,5,4,0,4,7,4.9,No
C1465,Male,23,Chennai,Silver,Women,Levis,4,28203,7050.75,127,3.16,12,62,10,7,3,4,4,7,2,2,1,0,6,1.9,Yes
C1466,Female,38,Delhi,Free,Beauty,U.S. Polo,4,23814,5953.5,2,5.0,11,157,11,3,0,5,2,6,1,0,0,3,7,1.8,No
C1467,Male,31,Chennai,Silver,Men,Nike,50,43533,870.66,65,1.96,13,196,9,11,13,2,8,4,0,3,5,6,7,1.6,No
C1468,Female,41,Mumbai,Free,Kids,Adidas,8,12923,1615.38,73,0.51,13,220,23,10,1,2,10,3,3,5,2,0,6,3.0,No
C1469,Female,43,Pune,Gold,Women,Levis,49,26706,545.02,129,5.86,24,204,4,3,3,0,2,2,1,4,0,6,3,1.2,Yes
C1470,Female,31,Delhi,Gold,Men,Roadster,31,19470,628.06,73,3.99,25,224,7,19,4,8,2,3,1,0,2,5,3,3.7,No
C1471,Female,24,Mumbai,Gold,Men,Nike,13,39244,3018.77,162,5.15,8,66,4,12,1,4,3,2,3,0,4,1,1,4.5,No
C1472,Female,31,Delhi,Silver,Women,Adidas,22,28423,1291.95,123,0.68,14,31,9,3,8,5,4,5,3,1,2,0,2,1.2,Yes
C1473,Male,39,Pune,Silver,Women,Puma,31,18860,608.39,156,0.99,6,134,15,11,10,4,1,1,0,5,4,6,2,2.3,Yes
C1474,Female,41,Kolkata,Gold,Footwear,Levis,16,43114,2694.62,71,1.84,13,49,3,4,3,0,9,3,1,5,3,0,1,4.8,No
C1475,Female,27,Pune,Silver,Women,Nike,3,8877,2959.0,50,3.46,23,134,24,17,11,5,7,1,3,0,3,3,8,4.7,No
C1476,Male,23,Delhi,Silver,Women,Puma,3,37604,12534.67,16,6.4,23,102,23,12,15,10,8,8,0,1,3,6,8,2.5,No
C1477,Female,30,Delhi,Silver,Women,Nike,1,10985,10985.0,147,1.9,23,9,25,16,14,8,8,4,2,1,2,5,4,3.2,No
C1478,Male,25,Chennai,Gold,Women,Puma,3,42417,14139.0,38,7.55,9,73,8,1,7,3,8,1,0,5,2,5,5,2.3,No
C1479,Female,41,Bangalore,Silver,Footwear,Puma,21,4252,202.48,161,6.56,27,187,7,8,5,4,0,8,0,5,5,5,6,4.8,No
C1480,Female,45,Pune,Gold,Footwear,Adidas,29,14959,515.83,84,2.3,19,207,4,14,7,6,5,2,3,0,3,1,7,1.7,No
C1481,Male,24,Delhi,Silver,Women,Puma,2,20826,10413.0,42,7.1,27,206,21,19,6,1,2,1,1,1,3,5,6,1.4,No
C1482,Male,41,Kolkata,Free,Footwear,Zara,25,25665,1026.6,6,1.06,1,27,4,7,2,4,2,0,0,0,4,5,5,4.4,No
C1483,Male,24,Bangalore,Silver,Footwear,U.S. Polo,11,20644,1876.73,85,3.94,8,33,17,8,3,0,0,1,0,0,4,6,6,1.6,No
C1484,Male,18,Bangalore,Silver,Beauty,Nike,23,43449,1889.09,74,1.96,29,201,21,3,15,2,1,3,0,2,2,0,5,1.5,No
C1485,Male,19,Delhi,Free,Women,Roadster,34,22444,660.12,154,1.61,14,81,21,9,9,5,1,4,1,5,2,2,1,4.2,No
C1486,Male,42,Pune,Free,Kids,Nike,25,29774,1190.96,123,6.55,4,300,13,8,4,1,5,2,1,3,2,2,7,2.7,Yes
C1487,Female,37,Kolkata,Gold,Kids,Nike,42,16615,395.6,99,3.47,16,280,17,15,7,6,1,6,0,5,0,1,5,1.0,No
C1488,Male,29,Delhi,Silver,Women,Zara,4,23394,5848.5,93,6.82,28,76,9,14,4,8,6,3,1,1,0,5,2,1.5,Yes
C1489,Male,30,Pune,Free,Beauty,Levis,4,46467,11616.75,28,5.37,3,249,19,5,0,2,5,2,0,1,0,0,6,1.6,No
C1490,Male,33,Pune,Free,Footwear,Puma,31,27469,886.1,87,3.66,21,11,9,3,4,0,10,0,4,1,4,1,0,2.6,Yes
C1491,Female,39,Mumbai,Gold,Kids,Puma,46,15397,334.72,109,7.47,9,52,16,12,4,3,6,0,1,3,1,6,8,3.4,No
C1492,Male,44,Pune,Silver,Beauty,Levis,42,42566,1013.48,104,6.65,6,32,25,11,13,3,4,1,0,0,2,4,5,1.1,No
C1493,Female,23,Delhi,Free,Men,Adidas,39,1219,31.26,80,1.66,7,21,7,8,2,9,9,0,4,3,0,0,5,1.4,Yes
C1494,Female,18,Hyderabad,Silver,Beauty,Adidas,21,49772,2370.1,101,5.86,5,54,10,13,3,8,2,0,2,3,3,4,0,2.2,Yes
C1495,Male,39,Mumbai,Free,Men,Adidas,14,45160,3225.71,168,1.3,23,87,16,16,10,7,2,5,1,2,4,6,6,1.2,No
C1496,Female,25,Bangalore,Gold,Footwear,Zara,10,37652,3765.2,161,7.96,4,12,4,9,2,7,1,7,1,1,2,1,1,2.1,Yes
C1497,Female,29,Chennai,Free,Women,U.S. Polo,17,31515,1853.82,66,6.15,15,76,3,18,15,0,5,4,3,3,4,5,2,2.8,Yes
C1498,Female,29,Chennai,Gold,Beauty,U.S. Polo,17,45231,2660.65,11,5.04,21,34,23,7,0,2,1,4,1,1,4,3,1,1.9,No
C1499,Female,39,Chennai,Silver,Beauty,U.S. Polo,42,35569,846.88,120,1.05,6,60,12,13,6,6,5,1,2,2,4,3,3,3.8,No
C1500,Female,21,Hyderabad,Silver,Men,Nike,31,10036,323.74,164,1.87,19,21,19,12,1,5,6,7,1,0,1,6,0,4.8,No
